x,y,z,uuid,type,alive,display_name,custom_name
0.0,0.0,0.0,00000000-0000-0000-0000-000000000000,minecraft:block_display,true,Block Display,[null]
-1.0365808846756572,0.0,5.022243884907625,85eb0d11-10d5-4e25-8d06-7f6e545b3bc5,minecraft:player,true,Neylz,[null]
-4.042717222142782,0.0,6.5743782314133705,1a5f8f6f-adba-41e3-92b8-a117b9b2e268,minecraft:player,true,sneylz,[null]
-9.5940598344409,0.0,11.077893794528833,f47d3580-b3b7-4ff9-91d1-fb0829aa18b9,minecraft:player,true,An0maly404,[null]
-19.52792337203843,0.0,19.53102503172997,ce1e4038-fe6c-43e0-bbe1-b0fe55f0969f,minecraft:player,true,Delth,[null]
-8.318582901312123,0.0,20.027388275122302,0ef63bc9-eb9e-4101-890b-0417552f43a2,minecraft:player,true,ItsRishon,[null]
-19.349714601721892,0.0,6.002477989153909,a2616acb-4f92-45ab-9237-3aead0eebcd8,minecraft:player,true,Tobies,[null]
-19.489378197430167,0.0,-9.997830233558854,ca77db10-d849-40d9-b3b7-f24157b75ba4,minecraft:player,true,Unlifiendd,[null]
10.488213854226652,0.0,-10.758277655292982,75627bb0-dec8-4a06-8448-b5a2045d8ccb,minecraft:player,true,KelloVerra,[null]
10.51318406525452,0.0,19.735577528343644,440f94e9-a440-4da8-a819-37a8ab53761f,minecraft:player,true,Edou_,[null]
-3.3657177785290355,0.0,-10.458354295507048,10889902-3552-4296-ad6d-8952103dab1d,minecraft:player,true,SpokezGame,[null]
